Kennung;Name;" je 100 der Bevölkerung1)
(18 - 64 Jahre,
insgesamt)";" je 100 der Bevölkerung1)
(ab 65 Jahre,
insgesamt)";" je 100 der Bevölkerung1)
(18 - 64 Jahre,
Deutsche)";" je 100 der Bevölkerung1)
(ab 65 Jahre,
Deutsche)";" je 100 der Bevölkerung1)
(18 - 64 Jahre,
Ausländer)";" je 100 der Bevölkerung1)
(ab 65 Jahre,
Ausländer)"
01011101;Stülerstr.;0.95;8.14;1.26;6.46;0.66;17.92
01011102;Großer Tiergarten;1.95;14.29;3.23;15.38;0.00;0.00
01011103;Lützowstr.;1.80;20.02;2.33;13.48;1.05;44.79
01011104;Körnerstr.;1.11;27.05;1.24;22.43;0.97;40.43
01011105;Nördl. Landwehrkanal;0.29;2.37;0.20;1.21;0.37;6.52
01011201;Wilhelmstr.;0.30;3.75;0.34;1.86;0.25;11.54
01011202;Unter den Linden Nord;0.22;1.09;0.38;1.23;0.00;0.00
01011203;Unter den Linden Süd;0.37;3.41;0.67;2.67;0.00;7.69
01011204;Leipziger Str.;0.78;4.60;1.15;3.31;0.22;17.33
01011301;Charitéviertel;0.39;2.94;0.58;3.01;0.05;2.41
01011302;Oranienburger Str.;0.58;5.32;0.76;4.71;0.20;9.76
01011303;Alexanderplatzviertel;0.83;6.70;1.30;5.77;0.19;19.61
01011304;Karl-Marx-Allee;1.50;2.97;2.00;2.03;0.68;27.08
01011305;Heine-Viertel West;0.46;2.14;0.68;1.38;0.05;15.84
01011306;Heine-Viertel Ost;0.51;2.72;0.76;2.23;0.10;9.52
01011401;Invalidenstr.;0.43;5.99;0.63;5.71;0.06;7.94
01011402;Arkonaplatz;0.30;5.63;0.44;5.44;0.03;7.23
01022101;Huttenkiez;1.38;20.27;1.59;19.34;1.08;22.62
01022102;Beusselkiez;1.68;22.71;2.03;21.86;1.26;23.98
01022103;Westhafen;17.34;30.00;45.76;25.00;2.63;37.50
01022104;Emdener Str.;1.57;16.05;1.93;14.27;0.93;20.93
01022105;Zwinglistr.;1.81;20.07;1.95;16.88;1.61;27.38
01022106;Elberfelder Str.;1.07;7.65;1.22;6.69;0.61;15.42
01022201;Stephankiez;1.46;14.78;1.71;14.07;0.97;16.80
01022202;Heidestr.;1.74;15.05;1.79;13.38;1.66;18.75
01022203;Lübecker Str.;1.95;19.03;2.01;14.43;1.84;28.48
01022204;Thomasiusstr.;1.25;9.62;1.47;7.80;0.83;22.76
01022205;Zillesiedlung;3.45;21.40;5.00;17.95;1.00;34.51
01022206;Lüneburger Str.;1.11;11.73;1.07;10.34;1.21;20.63
01022207;Hansaviertel;0.78;9.15;1.07;6.78;0.40;33.33
01033101;Soldiner Str.;1.70;17.62;2.29;14.43;1.02;24.76
01033102;Gesundbrunnen;1.51;14.38;1.75;10.80;1.21;21.86
01033201;Brunnenstr.;1.80;18.26;2.10;15.32;1.32;26.47
01033202;Humboldthain Süd;1.86;11.93;2.42;10.85;0.87;16.88
01033203;Humboldthain NW;2.15;18.29;2.84;14.45;1.34;27.40
01044101;Rehberge;1.42;10.16;1.67;8.04;0.99;20.30
01044102;Schillerpark;1.76;7.39;2.06;6.56;1.09;15.90
01044103;Westl. Müllerstr.;1.28;17.40;1.69;14.49;0.64;25.62
01044201;Reinickendorfer Str.;1.88;18.08;2.34;15.76;1.41;22.27
01044202;Sparrplatz;1.67;18.26;2.44;15.02;0.73;26.44
01044203;Leopoldplatz;2.59;21.35;3.48;18.58;1.47;27.59
02010101;Askanischer Platz;2.12;23.19;3.18;18.65;1.09;34.08
02010102;Mehringplatz;2.63;25.30;3.43;20.78;1.45;36.07
02010103;Moritzplatz;2.27;17.48;2.71;15.74;1.69;20.98
02010104;Wassertorplatz;2.98;26.89;3.60;22.57;2.03;36.61
02020201;Gleisdreieck/Entwickl.-gebiet;0.85;2.09;1.12;1.90;0.00;3.45
02020202;Rathaus Yorckstraße;1.20;13.54;1.27;12.25;1.05;18.25
02020203;Viktoriapark;0.77;11.45;0.83;10.73;0.60;14.76
02020204;Urbanstraße;1.21;14.35;1.41;12.26;0.77;21.63
02020205;Chamissokiez;1.17;13.14;1.30;12.66;0.85;14.60
02020206;Graefekiez;1.54;16.49;1.61;13.30;1.40;26.36
02030301;Oranienplatz;2.72;22.31;3.16;27.14;2.08;19.14
02030302;Lausitzer Platz;2.18;20.86;2.50;22.32;1.63;18.74
02030401;Reichenberger Straße;1.86;17.20;2.28;17.44;1.11;16.74
02030402;Wrangelkiez;1.52;18.50;1.89;21.01;0.88;15.80
02040501;Barnimkiez;1.67;1.84;1.90;1.58;0.97;17.86
02040502;Friedenstraße;0.99;3.52;1.24;2.69;0.24;27.91
02040503;Richard-Sorge-Viertel;0.94;2.90;1.08;2.21;0.40;28.57
02040701;Andreasviertel;1.13;4.90;1.35;3.83;0.76;35.56
02040702;Weberwiese;0.73;3.95;0.89;3.63;0.25;17.24
02040703;Wriezener Bahnh./Entwickl.-geb.;0.56;24.14;0.77;17.65;0.40;33.33
02050601;Hausburgviertel;0.94;11.20;1.11;9.55;0.43;37.93
02050602;Samariterviertel;0.89;9.88;1.02;7.53;0.51;36.78
02050801;Traveplatz;0.98;9.47;1.07;7.88;0.73;33.33
02050802;Boxhagener Platz;0.54;6.55;0.71;5.56;0.06;15.19
02050803;Stralauer Kiez;0.69;7.87;0.84;6.49;0.29;30.00
02050804;Stralauer Halbinsel;0.34;2.05;0.34;1.73;0.38;8.33
03010101;Bucher Forst;1.78;2.58;1.95;2.31;0.59;18.18
03010102;Buch;2.15;2.17;2.61;2.09;0.23;11.54
03010104;Lietzengraben;2.58;25.00;2.42;25.00;3.45;0.00
03020203;Blankenfelde;0.68;0.74;0.78;0.74;0.00;0.00
03020209;Niederschönhausen;0.73;1.82;0.78;1.73;0.34;6.82
03020210;Herthaplatz;0.94;2.05;0.99;2.03;0.53;4.00
03020307;Buchholz;0.90;3.13;0.94;2.99;0.39;12.00
03030405;Karow-Nord;0.89;3.10;0.97;2.70;0.26;38.10
03030406;Alt-Karow;0.48;0.85;0.50;0.81;0.00;5.88
03030711;Blankenburg;0.34;0.50;0.33;0.50;0.64;0.00
03030715;Heinersdorf;0.89;1.44;1.00;1.33;0.26;7.69
03030716;Märchenland;0.00;0.28;0.00;0.28;0.00;0.00
03040508;Rosenthal;0.58;1.87;0.59;1.41;0.47;10.53
03040512;Wilhelmsruh;0.63;2.01;0.70;1.77;0.00;15.38
03040513;Schönholz;0.40;2.03;0.44;1.91;0.00;11.11
03040614;Pankow-Zentrum;0.99;2.40;1.08;2.22;0.27;12.50
03040818;Pankow-Süd;1.07;3.31;1.20;3.13;0.28;12.50
03050919;Gustav-Adolf-Straße;1.01;4.13;1.18;3.74;0.17;26.32
03050920;Weißer See;1.38;1.78;1.48;1.73;0.56;5.88
03050923;Weißenseer Spitze;1.36;4.07;1.57;4.03;0.40;6.67
03050924;Behaimstraße;1.18;7.35;1.46;7.11;0.00;11.54
03050925;Komp.-viertel Weißensee;0.98;3.65;1.11;3.24;0.22;17.14
03051017;Rennbahnstraße;0.99;3.24;1.07;2.80;0.67;21.43
03051021;Buschallee;1.74;2.31;1.92;2.17;0.25;27.27
03051022;Hansastraße;1.16;0.83;1.24;0.83;0.00;0.00
03061126;Arnimplatz;0.77;6.68;0.96;6.26;0.17;16.67
03061131;Falkplatz;0.54;6.95;0.75;7.37;0.00;2.33
03061227;Humannplatz;0.64;4.98;0.74;4.88;0.25;7.84
03061228;Erich-Weinert-Straße;1.23;4.70;1.45;4.13;0.33;28.26
03061332;Helmholtzplatz;0.78;10.42;0.93;9.96;0.32;14.43
03061429;Greifswalder Straße;1.86;1.78;2.09;1.62;0.64;22.58
03061430;Volkspark Prenzlauer Berg;1.40;2.58;2.08;2.16;0.41;21.05
03061434;Anton-Saefkow-Park;1.15;5.92;1.40;4.81;0.27;24.24
03061435;Conrad-Blenkle-Straße;1.04;5.72;1.28;4.14;0.29;37.50
03061441;Eldenaer Straße;0.74;0.51;0.84;0.53;0.32;0.00
03071536;Teutoburger Platz;0.53;6.24;0.69;5.52;0.16;11.29
03071537;Kollwitzplatz;0.53;5.89;0.67;6.06;0.18;4.50
03071633;Thälmannpark;2.27;8.60;3.00;8.06;0.18;50.00
03071638;Winsstraße;0.56;4.65;0.70;4.57;0.15;5.62
03071639;Bötzowstraße;0.93;4.47;1.11;4.28;0.26;7.84
04010101;Jungfernheide;1.65;8.31;2.10;6.97;0.81;19.54
04010102;Plötzensee;0.61;2.22;1.02;2.47;0.00;0.00
04010103;Paul-Hertz-Siedlung;1.79;12.97;2.27;9.14;0.88;40.00
04020204;Olympiagelände;0.00;0.00;0.00;0.00;0.00;0.00
04020205;Siedlung Ruhleben;0.00;1.40;0.00;1.17;0.00;7.69
04020206;Angerburger Allee;1.31;2.59;1.60;2.56;0.55;3.13
04020207;Flatowallee;0.39;2.64;0.51;2.82;0.00;0.00
04020208;Kranzallee;1.33;1.98;1.50;1.45;0.64;9.80
04020209;Eichkamp;0.19;0.30;0.34;0.16;0.00;3.13
04020310;Park Ruhwald;0.42;1.90;0.92;1.03;0.00;12.50
04020311;Reichsstraße;0.79;3.77;0.94;3.62;0.41;5.54
04020312;Branitzer Platz;1.10;4.58;1.32;3.06;0.47;25.23
04020313;Königin-Elisabeth-Straße;0.81;6.46;0.90;4.97;0.57;18.03
04020314;Messegelände;0.00;0.00;0.00;0.00;0.00;0.00
04030415;Schloßgarten;3.25;16.82;5.62;14.22;0.89;31.58
04030416;Klausenerplatz;1.63;17.03;2.07;14.47;0.64;23.11
04030417;Schloßstraße;0.88;10.55;1.05;10.12;0.45;12.91
04030518;Tegeler Weg;1.33;11.64;1.56;10.27;0.82;16.76
04030519;Kaiserin-Augusta-Allee;1.70;8.41;2.01;7.25;1.00;13.14
04030620;Alt-Lietzow;1.33;9.51;1.59;7.32;0.79;22.46
04030621;Spreestadt;1.41;17.05;1.87;13.67;0.75;27.96
04030622;Richard-Wagner-Straße;1.36;13.22;1.70;11.95;0.68;18.69
04030623;Ernst-Reuter-Platz;1.28;17.46;1.73;12.14;0.54;34.51
04030724;Lietzensee;1.20;8.34;1.31;5.08;0.90;25.36
04030725;Amtsgerichtsplatz;0.72;6.80;0.90;6.20;0.31;9.94
04030726;Droysenstraße;0.79;6.75;0.70;6.55;0.97;7.88
04030827;Karl-August-Platz;1.03;11.64;1.42;11.11;0.44;13.09
04030828;Savignyplatz;0.67;8.03;0.86;7.35;0.31;10.71
04030929;Hindemithplatz;1.00;10.30;1.04;9.79;0.89;12.23
04030930;George-Grosz-Platz;0.67;7.46;0.63;7.23;0.74;8.28
04030931;Breitscheidplatz;0.78;8.81;1.06;8.65;0.45;9.26
04031032;Halensee;0.82;6.83;0.96;6.18;0.51;10.86
04041133;Güterbahnhof Grunewald;0.00;9.09;0.00;9.09;0.00;0.00
04041134;Bismarckallee;1.37;6.43;1.57;6.62;0.90;4.85
04041135;Hundekehle;1.22;1.36;1.30;1.41;1.02;0.94
04041136;Hagenplatz;0.75;2.58;1.03;2.39;0.00;4.55
04041137;Flinsberger Platz;0.80;6.26;0.83;5.50;0.74;12.73
04041238;Kissinger Straße;0.51;3.78;0.60;3.18;0.25;11.54
04041239;Stadion Wilmersdorf;1.17;10.00;3.75;13.33;0.00;0.00
04041240;Messelpark;0.26;1.67;0.33;1.75;0.00;0.00
04041241;Breite Straße;0.98;3.74;0.99;3.50;0.93;7.81
04041342;Schlangenbader Straße;2.11;8.83;2.27;7.96;1.61;17.56
04041343;Binger Straße;0.97;7.86;0.76;7.11;1.74;17.14
04041344;Rüdesheimer Platz;1.09;3.72;1.20;3.34;0.63;6.95
04051445;Eisenzahnstraße;0.88;7.79;0.98;7.01;0.62;11.98
04051446;Preußenpark;0.81;7.66;0.86;6.42;0.69;13.97
04051447;Ludwigkirchplatz;1.06;6.35;1.27;5.51;0.59;11.39
04051448;Schaperstraße;0.80;7.01;0.98;6.19;0.50;10.87
04051549;Rathaus Wilmersdorf;0.91;7.02;1.02;5.90;0.65;14.29
04051550;Leon-Jessel-Platz;0.92;9.15;1.07;7.79;0.54;15.18
04051551;Brabanter Platz;1.21;8.32;1.57;6.82;0.34;16.06
04051652;Nikolsburger Platz;0.72;7.17;0.90;6.03;0.32;14.24
04051653;Prager Platz;1.23;6.20;1.64;5.34;0.36;11.28
04051654;Wilhelmsaue;0.79;6.36;0.95;5.03;0.39;17.98
04051655;Babelsberger Straße;1.55;8.82;1.84;7.51;0.88;16.11
04051656;Hildegardstraße;0.57;6.30;0.66;5.45;0.25;12.50
04061757;Forst Grunewald;0.00;5.26;0.00;5.26;0.00;0.00
05010101;Hakenfelde Nord;1.33;3.13;1.47;2.86;0.67;8.53
05010102;Goltzstraße;1.94;3.86;2.36;3.42;0.58;12.50
05010103;Amorbacher Weg;1.83;3.54;1.86;2.75;1.59;22.22
05010204;Griesingerstr.;1.48;7.23;2.01;6.12;0.18;27.66
05010205;An der Tränke;0.28;1.19;0.32;1.34;0.00;0.00
05010206;Gütersloher Weg;1.81;6.25;2.19;5.38;0.71;23.26
05010207;Darbystr.;3.09;10.94;3.93;10.17;0.99;19.34
05010208;Germersheimer Platz;1.90;7.59;2.30;7.14;0.59;12.40
05010209;An der Kappe;1.17;2.54;1.33;2.30;0.45;6.45
05010310;Eckschanze;1.91;9.85;2.34;10.25;0.61;6.15
05010311;Eiswerder;2.19;5.43;2.83;4.79;0.82;10.91
05010312;Kurstr.;2.27;14.15;3.09;13.85;1.21;15.15
05010313;Ackerstr.;1.46;7.61;1.71;6.84;0.85;12.12
05010314;Carl-Schurz-Str.;1.74;8.14;2.01;6.84;0.94;16.67
05010339;Freiheit;0.17;2.15;0.40;2.60;0.00;0.00
05020415;Isenburger Weg;0.19;0.70;0.20;0.72;0.00;0.00
05020416;Am Heideberg;0.95;2.00;0.97;2.03;0.00;0.00
05020417;Staakener Str.;0.70;2.43;0.69;1.95;0.73;9.28
05020418;Spandauer Str.;0.92;4.22;1.04;3.82;0.41;12.00
05020419;Magistratsweg;1.84;5.55;1.98;4.90;1.20;21.79
05020420;Werkstr.;0.30;5.00;0.33;4.63;0.00;8.33
05020521;Döberitzer Weg;0.25;0.95;0.28;1.00;0.00;0.00
05020522;Pillnitzer Weg;1.95;9.48;2.53;7.43;0.91;32.17
05020523;Maulbeerallee;2.89;14.18;4.20;12.88;0.70;27.84
05020524;Weinmeisterhornweg;0.96;2.14;1.08;2.15;0.20;1.82
05020625;Borkumer Str.;1.10;6.99;1.33;5.70;0.48;25.00
05020626;Adamstr.;1.69;7.57;2.01;6.55;0.67;17.94
05020627;Tiefenwerder;2.77;12.27;3.90;10.57;0.54;38.00
05020628;Graetschelsteig;1.46;4.02;1.63;3.14;0.61;31.82
05020629;Börnicker Str.;0.68;1.70;0.72;1.69;0.39;2.08
05030730;Zitadellenweg;1.09;4.24;1.10;3.85;1.06;6.33
05030731;Gartenfelder Str.;1.92;6.96;2.21;6.46;1.09;13.04
05030832;Rohrdamm;1.36;7.49;1.65;6.33;0.62;13.56
05030833;Motardstr.;1.18;2.94;0.81;3.30;2.17;0.00
05040934;Alt-Gatow;0.31;1.18;0.26;0.72;0.56;10.87
05040935;Groß-Glienicker Weg;2.16;3.42;2.28;1.83;1.69;25.00
05040936;Jägerallee;0.21;1.09;0.23;1.08;0.00;1.20
05040937;Kladower Damm;0.46;1.03;0.50;0.93;0.00;4.17
05040938;Kafkastr.;0.16;0.00;0.11;0.00;0.72;0.00
06010101;Fichtenberg;0.61;2.77;0.66;2.26;0.40;12.38
06010102;Schloßstr.;0.71;5.48;0.79;4.44;0.45;13.13
06010103;Markelstr.;0.81;6.18;0.88;5.37;0.52;11.61
06010204;Munsterdamm;1.16;5.20;1.26;4.42;0.78;14.06
06010205;Südende;0.93;5.98;1.11;5.14;0.23;16.33
06010206;Stadtpark;1.43;6.10;1.56;4.43;0.81;21.69
06010207;Mittelstr.;1.02;5.52;1.17;5.07;0.47;10.42
06010208;Bergstr.;1.07;7.47;1.20;6.74;0.49;13.99
06010209;Feuerbachstr.;0.93;6.19;1.04;5.49;0.53;11.96
06010210;Bismarckstr.;1.41;6.10;1.37;5.61;1.57;11.36
06020301;Alt-Lankwitz;2.25;3.62;2.49;3.31;0.93;10.14
06020302;Komponistenviertel Lankwitz;0.82;2.36;0.90;1.81;0.40;11.43
06020303;Lankwitz-Kirche;1.50;5.94;1.58;5.26;1.18;14.66
06020304;Kaiser-Wilhelm-Str.;1.22;6.20;1.44;5.59;0.24;14.68
06020305;Gemeindepark Lankwitz;1.90;6.25;2.29;5.14;0.63;20.38
06020306;Lankwitz-Süd;1.01;2.85;0.98;2.51;1.23;10.96
06020407;Thermometersiedlung;1.03;8.15;1.34;7.35;0.44;15.70
06020408;Lichterfelde-Süd;1.22;4.90;1.39;4.36;0.51;16.28
06020409;Königsberger Str.;0.97;2.63;1.00;2.12;0.84;12.03
06020410;Oberhofer Platz;0.69;1.83;0.78;1.62;0.16;5.50
06020411;Schütte-Lanz-Str.;0.91;2.51;1.02;2.25;0.28;8.26
06030501;Berlepschstr.;0.65;1.59;0.78;1.48;0.16;4.23
06030502;Zehlendorf-Süd;1.55;4.90;1.63;4.11;1.05;19.44
06030503;Zehlendorf-Mitte;1.12;3.16;1.24;2.86;0.60;6.91
06030504;Teltower Damm;0.71;1.22;0.79;1.14;0.34;2.73
06030605;Botanischer Garten;0.78;2.70;0.88;2.53;0.34;5.17
06030606;Hindenburgdamm;1.37;3.60;1.38;2.73;1.33;11.40
06030607;Goerzwerke;0.49;2.61;0.76;2.52;0.00;3.57
06030608;Schweizer Viertel;0.62;1.65;0.67;1.67;0.37;1.23
06030609;Augustaplatz;0.73;2.31;0.78;2.06;0.47;6.15
06030610;Lichterfelde-West;0.42;2.03;0.43;1.70;0.38;6.71
06040701;Wannsee;0.42;1.47;0.51;1.43;0.00;1.92
06040702;Düppel;1.52;2.89;1.67;2.45;0.65;10.67
06040703;Nikolassee;0.34;2.00;0.43;1.85;0.15;4.55
06040804;Krumme Lanke;0.38;1.47;0.44;1.30;0.00;4.58
06040805;Fischerhüttenstr.;0.78;2.07;0.87;1.87;0.23;5.05
06040806;Fischtal;0.58;2.26;0.57;2.20;0.63;3.75
06040807;Zehlendorf-Eiche;0.83;2.08;0.90;1.78;0.54;7.27
06040808;Hüttenweg;0.28;2.88;0.35;1.68;0.00;13.33
06040809;Thielallee;0.29;1.38;0.38;1.34;0.00;1.59
06040810;Dahlem;0.24;1.02;0.27;0.95;0.11;1.71
07010101;Wittenbergpl./Vikt.-Luise-Pl.;1.92;11.79;2.24;9.11;1.37;26.55
07010102;Nollendorfplatz;2.38;20.15;2.96;14.01;1.51;37.46
07010103;Barbarossaplatz;1.10;8.64;1.15;7.72;0.95;13.43
07010104;Dennewitzplatz;2.22;26.06;2.37;20.73;1.98;33.33
07020201;Bayerischer Platz;1.24;5.85;1.31;4.98;1.00;12.32
07020202;Volkspark (Rud.-Wilde-Park);1.27;8.31;1.47;7.60;0.81;12.45
07020203;Kaiser-Wilhelm-Platz;1.87;13.67;2.04;12.29;1.47;18.43
07020204;Schöneberger Insel;1.27;11.89;1.52;11.49;0.52;13.36
07030301;Friedenau;0.69;4.52;0.74;4.01;0.49;10.99
07030302;Ceciliengärten;0.81;4.70;0.87;4.07;0.54;9.66
07030303;Grazer Platz;1.18;8.04;1.25;6.82;0.98;13.11
07040401;Neu-Tempelhof;1.22;7.14;1.40;6.03;0.74;15.05
07040402;Lindenhofsiedlung;3.43;6.19;3.43;5.71;3.41;18.52
07040403;Manteuffelstr.;1.10;7.22;1.25;5.96;0.65;17.24
07040404;Marienhöhe;2.12;5.67;2.29;5.37;1.21;9.43
07040405;Rathaus Tempelhof;1.10;6.61;1.18;4.61;0.91;22.57
07040406;Germaniagarten;2.07;18.49;2.69;17.93;1.11;20.99
07050501;Rathausstr.;1.32;7.60;1.45;5.79;0.95;23.08
07050502;Fritz-Werner-Str.;1.44;3.87;1.65;3.27;0.90;12.68
07050503;Eisenacher Str.;1.76;5.42;2.03;4.36;0.69;18.99
07050504;Imbrosweg;1.72;5.21;1.89;4.50;0.94;14.89
07050505;Hundsteinweg;1.04;2.78;1.18;2.19;0.45;14.47
07050506;Birnhornweg;0.38;1.23;0.36;1.13;0.53;3.57
07060601;Marienfelder Allee Nordwest;1.44;5.86;1.76;4.95;0.57;19.73
07060602;Kirchstr.;0.55;2.35;0.59;2.13;0.28;6.15
07060603;Marienfelde Nordost;0.41;1.90;0.36;1.42;0.57;10.87
07060604;Marienfelde Süd;1.76;7.37;1.96;6.16;0.97;30.24
07070701;Kettinger Str./Schillerstr.;0.71;1.95;0.68;1.75;0.89;7.14
07070702;Alt-Lichtenrade/Töpch. Weg;1.15;3.43;1.13;3.01;1.29;14.29
07070703;John-Locke-Str.;2.04;5.70;2.14;4.84;1.54;22.22
07070704;Nahariyastr.;1.40;8.26;1.74;7.37;0.41;26.04
07070705;Franziusweg/ Rohrbachstr.;0.44;1.81;0.43;1.23;0.45;19.30
07070706;Horstwald. Str./Paplitzer Str.;0.61;1.50;0.67;1.36;0.29;7.14
07070707;Wittelsbacherstr.;0.44;1.01;0.50;0.81;0.00;7.69
08010115;Hasenheide;1.12;8.11;1.62;9.30;0.00;4.00
08010116;Wissmannstraße;3.24;29.34;4.38;28.57;1.66;30.34
08010117;Schillerpromenade;1.75;22.34;2.29;20.97;0.86;25.16
08010118;Silbersteinstraße;2.23;16.49;2.76;13.19;1.52;27.00
08010211;Flughafenstraße;1.69;21.57;1.78;21.23;1.56;22.16
08010212;Rollberg;2.96;23.00;3.65;19.68;1.99;29.74
08010213;Körnerpark;1.77;19.46;2.17;15.92;1.14;27.08
08010214;Glasower Straße;3.12;16.43;3.86;13.35;2.10;25.89
08010301;Reuterkiez;1.54;17.03;1.81;15.90;1.05;19.67
08010302;Bouchéstraße;1.97;10.37;2.37;7.50;0.87;30.00
08010303;Donaustraße;2.26;27.20;2.67;26.94;1.73;27.56
08010404;Rixdorf;1.96;17.53;2.28;14.71;1.41;23.20
08010405;Hertzbergplatz;1.55;13.73;1.73;9.80;1.22;35.00
08010406;Treptower Straße Nord;2.54;19.60;3.45;15.56;1.32;37.41
08010407;Gewerbegebiet Ederstraße;2.25;32.65;2.18;37.50;2.40;23.53
08010508;Weiße Siedlung;3.24;18.42;3.83;15.99;2.53;26.83
08010509;Schulenburgpark;2.73;19.60;3.12;17.51;2.10;28.40
08010510;Gewerbegeb. Köllnische Heide;1.59;7.14;3.03;4.35;0.47;20.00
08020619;Buschkrugallee Nord;2.66;9.74;3.56;8.22;1.32;19.74
08020620;Tempelhofer Weg;2.16;8.68;2.72;7.57;0.72;20.00
08020621;Mohriner Allee Nord;0.42;1.13;0.39;0.60;0.68;9.68
08020622;Parchimer Allee;1.43;6.67;1.47;5.59;1.24;21.30
08020623;Ortolanweg;4.59;4.82;3.80;3.76;7.86;22.73
08020624;Britzer Garten;1.13;11.21;1.35;8.70;0.00;32.00
08020625;Handwerker-Siedlung;1.76;5.61;1.98;5.33;0.95;8.96
08020726;Buckow West;0.96;3.18;0.98;2.74;0.84;11.02
08020727;Buckow Mitte;1.19;3.66;1.28;3.37;0.82;10.77
08020728;Buckow Ost;1.15;7.06;1.20;6.25;1.02;17.86
08030829;Gropiusstadt Nord;2.56;8.39;2.68;5.96;2.25;35.84
08030830;Gropiusstadt Süd;2.20;6.08;2.38;5.52;1.66;15.33
08030831;Gropiusstadt Ost;2.49;7.27;2.83;5.39;1.60;24.88
08040932;Goldhähnchenweg;1.63;3.40;1.77;3.04;1.07;21.05
08040933;Vogelviertel Süd;1.20;2.83;1.23;2.66;1.08;5.71
08040934;Vogelviertel Nord;1.67;2.90;1.71;2.19;1.47;17.86
08041035;Blumenviertel;0.59;1.06;0.47;0.84;1.14;4.03
08041036;Zittauer Straße;0.51;1.70;0.55;1.30;0.21;7.89
08041037;Alt-Rudow;1.00;3.48;1.10;3.07;0.45;11.54
08041038;Waßmannsdorfer Chaussee;0.61;2.24;0.69;2.18;0.00;3.61
08041039;Frauenviertel;1.51;3.53;1.54;2.95;1.35;13.51
08041040;Waltersdorfer Chaussee Ost;0.80;3.00;0.92;2.60;0.00;11.36
09010101;Elsenstr.;1.14;4.87;1.31;4.13;0.56;16.25
09010102;Am Treptower Park Nord;0.00;0.00;0.00;0.00;0.00;0.00
09010201;Am Treptower Park Süd;1.08;2.11;1.20;2.12;0.28;0.00
09010202;Köpenicker Landstraße;1.53;1.99;1.77;1.83;0.15;23.08
09010301;Baumschulenstraße;1.22;1.79;1.34;1.52;0.40;25.58
09010302;Späthsfelde;0.39;0.78;0.38;0.16;0.45;12.50
09010401;Johannisthal West;0.97;1.59;1.06;1.46;0.00;19.05
09010402;Johannisthal Ost;0.85;3.27;0.91;3.19;0.30;6.52
09020501;Oberschöneweide West;1.42;7.54;1.77;6.25;0.30;44.00
09020502;Oberschöneweide Ost;1.60;5.59;1.77;5.11;0.73;26.53
09020601;Schnellerstr;0.89;3.39;1.13;2.73;0.19;31.03
09020602;Oberspree;1.57;2.24;1.50;2.08;2.88;20.00
09020701;Adlershof West;0.23;1.97;0.29;2.03;0.12;0.00
09020702;Adlershof Ost;1.18;2.39;1.33;2.20;0.21;21.88
09020801;Spindlersfeld;0.99;3.94;1.01;3.82;0.73;12.50
09020802;Kölln. Vorstadt;1.33;2.48;1.52;2.00;0.26;25.93
09030901;Dorf Altglienicke;0.47;0.65;0.51;0.62;0.00;2.13
09030902;Wohngebiet II;1.80;6.03;1.97;5.60;0.00;26.32
09030903;Kölner Viertel;0.69;5.17;0.65;5.01;1.04;12.50
09031001;Bohnsdorf;0.68;1.30;0.74;1.11;0.12;15.38
09031101;Grünau;0.48;1.40;0.52;1.06;0.22;35.29
09031201;Karolinenhof;0.30;0.54;0.32;0.54;0.00;0.00
09031202;Schmöckw./Rauchf.-werder;0.26;0.96;0.28;0.98;0.00;0.00
09041301;Kietzer Feld/Nachtheide;1.18;1.49;1.23;1.42;0.49;12.90
09041302;Wendenschloß;0.19;0.58;0.20;0.59;0.00;0.00
09041401;Allende I;2.03;0.85;2.15;0.81;0.00;12.50
09041402;Allende II;0.32;2.47;0.35;2.49;0.00;0.00
09041501;Altstadt-Kietz;1.76;5.53;1.95;5.36;0.46;15.79
09041601;Müggelheim;0.30;0.82;0.29;0.77;0.55;7.69
09051701;Hirschgarten;0.83;1.24;0.83;1.17;0.84;7.69
09051702;Bölschestraße;0.68;0.87;0.72;0.80;0.00;13.64
09051801;Rahnsdorf/Hessenwinkel;0.48;0.84;0.50;0.73;0.28;13.64
09051901;Dammvorstadt;0.88;1.83;0.91;1.73;0.58;10.34
09052001;Köpenick-Nord;0.77;1.16;0.81;1.11;0.23;10.53
10010101;Marzahn-West;2.01;13.42;2.21;12.57;0.86;33.33
10010102;Havemannstr.;1.90;10.43;2.02;9.35;1.17;47.30
10010203;Gewerbegeb. Bitterfelder Str.;1.54;41.94;3.32;39.13;0.17;50.00
10010204;Wuhletalstr.;1.55;6.07;1.67;5.48;0.78;48.28
10010205;Marzahn-Ost;1.85;5.86;2.00;5.49;0.40;27.27
10010206;Ringkolonnaden;1.75;3.66;2.05;3.35;0.46;25.86
10010207;Marzahner Promenade;1.75;3.81;1.86;3.44;1.09;30.00
10010308;Marzahner Chaussee;0.64;1.28;0.65;1.29;0.63;0.00
10010309;Springpfuhl;2.01;2.96;2.19;2.57;0.88;48.65
10010310;Alt-Marzahn;1.34;2.50;1.51;2.13;0.40;33.90
10010311;Landsberger Tor;1.56;2.34;1.61;2.26;0.78;9.09
10020412;Alte Hellersdorfer Straße;2.37;11.25;2.68;10.12;0.91;35.71
10020413;Gut Hellersdorf;1.71;7.61;1.86;7.13;0.78;41.94
10020414;Helle Mitte;1.91;17.07;2.17;17.15;0.90;14.29
10020415;Hellersdorfer Promenade;2.44;8.76;3.21;7.46;0.11;47.62
10020416;Böhlener Str.;2.10;8.97;2.65;8.01;0.12;22.58
10020517;Adele-Sandrock-Str.;1.25;3.11;1.34;2.89;0.34;20.00
10020518;Schleipfuhl;1.15;4.53;1.23;4.20;0.65;33.33
10020519;Boulevard Kastanienallee;2.26;8.55;2.83;8.30;0.23;15.79
10020620;Kaulsdorf-Nord II;1.45;6.84;1.41;6.15;1.85;44.44
10020621;Gelbes Viertel;2.01;8.91;2.28;7.33;0.18;50.00
10020622;Kaulsdorf-Nord I;1.18;2.85;1.24;2.53;0.51;30.77
10020623;Rotes Viertel;1.65;3.83;1.77;3.62;0.00;22.22
10030724;Oberfeldstr.;0.23;0.38;0.27;0.33;0.00;6.25
10030725;Buckower Ring;2.35;5.12;2.58;4.72;1.03;25.00
10030726;Alt-Biesdorf;0.39;0.72;0.45;0.73;0.00;0.00
10030727;Biesdorf-Süd;0.27;0.45;0.27;0.41;0.31;4.55
10040828;Kaulsdorf-Nord;0.65;0.67;0.66;0.61;0.39;5.56
10040829;Alt-Kaulsdorf;0.78;1.61;0.81;1.50;0.47;14.29
10040830;Kaulsdorf-Süd;0.35;0.54;0.36;0.44;0.00;13.33
10040931;Mahlsdorf-Nord;0.67;0.69;0.67;0.64;0.67;10.00
10040932;Alt-Mahlsdorf;0.53;0.74;0.57;0.74;0.00;0.00
10040933;Mahlsdorf-Süd;0.31;0.68;0.31;0.66;0.31;7.69
11010101;Dorf Malchow;3.93;11.58;4.32;10.64;0.00;50.00
11010102;Dorf Wartenberg;0.41;0.21;0.30;0.21;4.26;0.00
11010103;Dorf Falkenberg;0.83;1.17;1.03;1.18;0.00;0.00
11010204;Falkenberg Ost;1.78;6.99;1.98;5.91;0.97;44.12
11010205;Falkenberg West;1.98;6.22;2.13;5.67;1.22;24.14
11010206;Wartenberg Süd;1.85;5.99;2.16;5.64;0.43;25.00
11010207;Wartenberg Nord;1.39;6.28;1.53;5.37;0.78;48.00
11010308;Zingster Straße Ost;1.83;3.68;1.93;2.85;1.38;47.73
11010309;Zingster Straße West;2.42;5.44;2.37;3.58;2.62;50.00
11010310;Mühlengrund;1.56;1.90;1.80;1.46;0.19;37.50
11020411;Malchower Weg;1.21;1.09;1.41;1.05;0.47;3.45
11020412;Hauptstraße;2.41;2.59;2.80;2.07;0.56;50.00
11020513;Orankesee;0.40;0.97;0.48;0.97;0.00;0.00
11020514;Große-Leege-Straße;1.28;3.21;1.54;2.92;0.16;17.86
11020515;Landsberger Allee;1.61;2.68;1.74;2.20;1.06;35.19
11020516;Weiße Taube;0.46;0.87;0.51;0.88;0.00;0.00
11030617;Hohenschönhausener Str.;1.75;3.11;2.04;2.60;1.08;38.46
11030618;Fennpfuhl West;1.42;2.56;1.65;2.07;0.68;31.17
11030619;Fennpfuhl Ost;1.86;3.54;2.29;3.01;0.64;35.56
11030720;Herzbergstraße;0.78;6.08;1.87;5.51;0.14;11.76
11030721;Rüdigerstraße;1.12;3.63;1.30;3.26;0.45;18.60
11030824;Frankfurter Allee Süd;1.62;4.00;1.54;3.03;1.80;40.00
11040925;Victoriastadt;1.06;15.65;1.14;15.53;0.71;16.67
11040926;Weitlingstraße;1.17;5.82;1.28;4.82;0.61;44.55
11041022;Rosenfelder Ring;1.15;4.14;1.59;3.31;0.18;48.00
11041023;Gensinger Straße;1.51;4.28;1.40;3.53;1.88;33.33
11041027;Tierpark;1.30;5.59;1.58;4.43;0.26;50.00
11041128;Sewanstraße;1.65;2.10;1.78;1.50;1.15;41.80
11051229;Rummelsburg;0.84;1.81;0.95;1.38;0.24;28.57
11051330;Karlhorst West;0.61;3.00;0.71;2.88;0.16;13.33
11051331;Karlshorst Nord;0.37;1.11;0.34;0.89;0.77;16.13
11051332;Karlshorst Süd;0.34;1.79;0.38;1.82;0.00;0.00
12103115;Breitkopfbecken;1.92;10.56;2.34;8.74;0.87;25.32
12103116;Hausotterplatz;1.79;7.59;2.17;7.28;1.01;10.06
12103117;Letteplatz;1.84;9.51;2.34;7.62;0.99;20.00
12103218;Teichstraße;1.81;8.14;2.17;7.18;0.96;17.53
12103219;Schäfersee;1.40;5.39;1.78;4.50;0.53;14.45
12103220;Humboldtstraße;1.50;4.46;1.59;3.86;1.08;13.64
12214125;Waldidyll/Flughafensee;1.01;2.51;1.16;2.21;0.41;7.22
12214126;Tegel-Süd;2.08;8.37;2.38;7.79;1.19;15.44
12214421;Reinickes Hof;1.42;5.12;1.65;4.59;0.81;13.79
12214422;Klixstr.;1.97;12.39;2.31;10.79;1.44;22.53
12214423;Mellerbogen;1.24;4.81;1.30;4.36;1.07;11.58
12214424;Scharnweberstr.;1.87;8.02;2.31;6.93;1.09;15.35
12214527;Alt-Tegel;1.11;3.49;1.20;3.14;0.68;10.00
12214528;Tegeler Forst;0.00;13.04;0.00;5.56;0.00;40.00
12224229;Konradshöhe/Tegelort;0.28;0.54;0.27;0.50;0.42;2.33
12224230;Heiligensee;0.59;1.14;0.62;1.01;0.14;5.67
12231101;Hermsdorf;0.57;1.65;0.60;1.52;0.24;6.29
12231102;Frohnau;0.43;1.15;0.45;1.07;0.15;4.03
12301203;Wittenau-Süd;1.31;3.24;1.56;2.75;0.48;13.16
12301204;Wittenau-Nord;0.75;3.47;0.64;2.81;1.48;20.31
12301205;Waidmannslust;0.59;1.68;0.63;1.49;0.30;8.11
12301206;Lübars;0.41;2.30;0.40;2.00;0.45;11.11
12302107;Schorfheidestr.;0.84;2.68;0.96;1.98;0.47;11.29
12302108;Märkisches Zentrum;2.06;5.71;2.40;4.60;1.19;28.31
12302109;Treuenbrietzener Str.;2.44;8.87;3.01;7.27;1.29;29.27
12302110;Dannenwalder Weg;1.84;6.97;2.03;5.23;1.49;25.16
12302211;Lübarser Straße;1.42;2.33;1.59;2.06;0.62;7.41
12302212;Rollbergesiedlung;2.46;11.00;3.21;8.90;1.03;37.66
12304313;Borsigwalde;1.27;4.92;1.40;4.53;0.64;11.84
12304314;Ziekowstraße/Freie Scholle;1.36;4.12;1.44;3.86;0.57;11.34
;;;;;;;
;;;;;;;
;;;;;;;
;;;;;;;
;;;;;;;
;;;;;;;
;;;;;;;
;;;;;;;
;;;;;;;
;;;;;;;
;;;;;;;
;;;;;;;
;;;;;;;
;;;;;;;
;;;;;;;
;;;;;;;
;;;;;;;
;;;;;;;
;;;;;;;
;;;;;;;
;;;;;;;
;;;;;;;
;;;;;;;
;;;;;;;
;;;;;;;
;;;;;;;
;;;;;;;
;;;;;;;
;;;;;;;
;;;;;;;
;;;;;;;
;;;;;;;
;;;;;;;
;;;;;;;
;;;;;;;
;;;;;;;
;;;;;;;
;;;;;;;
;;;;;;;
;;;;;;;
;;;;;;;
;;;;;;;
;;;;;;;
;;;;;;;
;;;;;;;
;;;;;;;
;;;;;;;
;;;;;;;
;;;;;;;
;;;;;;;
;;;;;;;
;;;;;;;
;;;;;;;
;;;;;;;
;;;;;;;
;;;;;;;
;;;;;;;
;;;;;;;
;;;;;;;
;;;;;;;
;;;;;;;
;;;;;;;
;;;;;;;
;;;;;;;
;;;;;;;
;;;;;;;
;;;;;;;